[[{"location":"D:\\enterprise-aplication-development-master\\enterprise-aplication-development-master\\JPA-exercicio-01","type":"PROJECT","hints":{"PROJECT_NAME":"JPA-exercicio-01"}},"03-JPA-introducao:03-JPA-introducao:0.0.1"],[{"location":"C:\\Users\\logonrmlocal\\.m2\\repository\\org\\hibernate\\javax\\persistence\\hibernate-jpa-2.1-api\\1.0.0.Final\\hibernate-jpa-2.1-api-1.0.0.Final.jar","type":"JAR","hints":{}},"org.hibernate.javax:org.hibernate.javax.persistence.hibernate-jpa-2.1-api:1.0.0"],[{"location":"C:\\Program Files\\Java\\jre1.8.0_171","type":"JRE","hints":{"EXECUTION_ENVIRONMENT":"J2SE-1.5"}},"jre:jre:1.5.0"]]